setid,appNumbers
6bd0c4d1-f44f-4ab0-8f13-7e5d96f628e7,038233
519eed25-f069-4739-83f8-9a11f9f499ec,138935
b8a2f83d-b7e7-41ad-a955-5b93a6b760b6,138935
b78ef44c-b4a3-4b8c-8903-83d7ff0bbf5a,138935
4c0a15fd-2d86-41ef-ace8-370f3ef447d1,138935
e0f1bc86-0d2c-4c57-999e-ba7670430b65,138935
45002b85-acfb-49f2-9a7b-3df80b1293ac,200295
5ebc9173-18cf-425e-8e37-69a1715bd9af,141216
a1e1d1a9-edb0-4112-8339-448a35c3c5f7,141087
af957e43-416d-4284-82e5-d31d06d8066f,065470
fe38871c-360e-4c29-b2c6-bb54c40ff214,046592
d387b7de-0dee-49d8-b66a-73aabbda9959,140896
4e091566-8c7a-43d4-93f5-66231ad813a6,
e1042c12-c777-4614-89dd-99d99e2d2df7,
0a5bcf2b-2464-4c86-ac72-d1dd026b08a8,140901
1edcf949-d6de-4921-815d-f86ccf084cae,141038
466f2d34-b5fe-40e2-91e7-00fdbeba35bd,140901
84fe39b2-0423-479a-b81f-198e2fb4e826,128409
42685f13-73db-413b-bc6e-43431f098f8e,131392
a3ee24dc-527f-4880-a55e-acd33b833192,140841
50ce5909-7c1a-49f7-bdae-c0c65acc4f23,140833
23d4e626-9ba0-4e5a-8a52-616546cdc2da,009576
aaac6cde-7622-4c33-aff5-718a303066a4,141348
c1713229-6659-4d75-9bc8-77772cb20252,141348
721167af-d5a2-4a5e-afca-6b17465256ed,141043
8893799d-d617-43dc-bcd2-5604deadb694,141043
5cdef530-023e-4d34-8e97-77f143b0068f,011427
6d4c6678-278b-4242-b56d-286686d9875f,009576
149e1253-5760-4813-9d91-bfeb1c1fa942,141043
33abd9eb-4fa3-45da-91b9-f3162d0710b2,141348
e856da36-f717-4645-8841-27460cf87d91,141519
ec3ba375-9519-4a3d-afe3-eda451bb3488,141189
8ee9c677-d86c-4f2f-9eec-6998f4394ae1,141052
44b8a743-4f00-457a-8b7e-5f3a557c04f1,141061
ec6ff537-4773-432d-86db-7ba767769c80,141095
27197d3c-8e25-4e78-b83b-ee26f9249369,141199
dbc05493-d1cc-4c00-be6b-d1e3352273fd,141111
ae09baf6-1d34-44b0-b9c9-aa9766cdab14,141053
013fccfc-463c-423f-be2a-cb259dae7e76,200604
063b024a-c878-4230-a8fd-7decc1bcb380,200592
2f628ed5-75cb-47a1-a5e7-2902c6f3d336,065492
ae1c7f99-b22c-4533-8334-655a8ec87db2,141261
b79ee411-061a-4c89-8599-72629ba00ac5,141261
00931aa1-4b45-41f2-ae2f-f966d308c518,043304
6fac13e9-69dd-464c-acbe-e20457b8b540,200588
d14180ed-329c-464a-a9ac-b7bbf3d59536,113232
2623f078-1ce0-4ae3-98c5-657971bad554,008763
d30ffe60-a418-4425-883e-58d10417b9bf,011060
000d7ed6-8907-4e0c-b731-a59e7b394285,200628
979902b4-1757-4309-b37a-fba910ecc607,200669
82f08410-b5de-4f1c-a059-48747a4328fe,200668
1b3ce6fb-0493-4b22-ab53-d2d52af47267,200310
f65a7756-a03e-481e-943b-fdc6c715a454,092287
2e20c08c-87fe-404c-9f78-149951d30675,200714
2ce3a61d-2004-4269-b8b3-3755b99b6d46,
2aca52b5-298f-427e-86d1-80a4eb1a771e,200718
a4bd57d4-3161-4145-b744-b57bf2dd7e1a,
118513d8-c2c4-4fb3-b85a-a8ca5d7a9c02,092444
6df2cf30-5730-447d-be81-7241414f4abf,200690
3e2a3dc9-6ae2-4e0c-9e2a-e1cf042c6587,094975
9b6a6434-0436-4743-adc8-60819acef9e4,094975
005daa15-2e24-4aa8-890a-1970b110edb1,095143
567d39a7-5f2e-47ae-8797-b484c500d22e,038439
72014c42-d6fc-4cbc-9f92-a1ee555bb513,095143
97bfb783-071a-48d4-9d78-76ea2d4024f4,095143
eb3b6a04-da2a-43c0-93b6-bcc1d2e252c2,095143
4099c63d-cab8-4882-a037-102b0493909d,095143
37292c11-d37b-4001-924d-e42c0512c2e2,139472
c968bfc7-3d69-4d3b-8b5d-4c41b880daf2,140916
9d34804e-ad0d-4f15-8fbd-01ba40cc620f,141552
8c81ba39-7d50-49fd-825e-266e2032885f,048486
62c22d28-4efb-409d-8da6-113f2802347c,046592
e4a7d749-8cb1-4c7f-ad11-525a8843903b,065470
6d3a4cbe-c44f-4247-8368-2935a80944a2,
425503bf-1f04-4255-a2ba-b8fdd5584f0d,200236
a73b79c4-3623-4b52-81ea-6180528a031e,141546
441b6232-bb60-40ad-85ec-7c41ba43fd5f,101862
c00709bf-12fd-40fc-9cff-7a7e7390fcb8,141547
3f6e8445-7335-4776-aa84-c34f61d43e40,200317
d6113f31-01d7-4e98-9c2c-33bd2ea82f42,200312
636e61d1-c92b-4d19-98a4-1f9e78fe7347,200510
646e0dca-b4e0-4332-a34e-8fda5ae488e3,200510
f3a43237-d14a-4bb8-a571-8b27684793ed,200510
50992c16-6637-4e13-9aa0-a3b9fedf9d27,200707|141064
6c28b2d9-5ed0-410c-91c3-da39caa0b59f,200509
4e3e11f4-e667-46bf-84cc-1a5dafd45a5a,200721
19f146c0-a788-4e70-86c3-c152a83dec63,200716
4c9dca16-c5b9-4f43-8b05-30bc63cb140a,200666
e20cb05c-4718-4e26-a076-a77347898b3b,200665
8f70d5ef-f1fb-49d9-a53a-99a1a5de2365,200343
ab7fc20e-1c1e-4c48-9636-71d55b98ba19,200512
db4ba22a-e562-4a4f-ad4c-bdd9b64b8aea,200715
1658a894-7c8a-49cf-b014-04b214dc0ab5,200302
4460220b-692d-49aa-b840-54a2711536ab,141441
dd0e7c46-9e9b-43f7-b5a1-42977c006eaf,200304
acfb1e83-1cc4-4f22-9d8c-f5814283e71a,097505
ff92c142-f971-429b-bf79-65f8b4e4746a,097505
388df4c8-35e4-4ad4-8b56-66a9ae78432d,046109
241b605b-607f-483f-8746-1b89b4636e05,200346
75a1b0bc-e602-4494-bc0b-bccbfd3e53d9,200346
bfc05acf-01ff-4b77-ae5c-7d5da9c03aa9,110315
e392c026-fca9-4d7d-abae-842a7305b191,200221
fd1ccdd2-9a4e-4246-ab1f-83fd625c596f,200221
cf3fa045-80c8-4a08-9667-3208bf3b42a8,110315
8c507fb4-5fb6-48c4-91a1-7d4827ac5d56,200221
7f51c887-fc7b-46ec-80c5-ad1afeef70f7,200347
616bddd8-1f23-4599-bb15-25a744fdf826,200720
cba5481b-a6dd-49a8-b0fb-462ab49731c2,200513
c56adc6b-249e-479a-80f0-959940263c73,200495
93d40371-68a0-491a-8dd9-d8ccba5f3b64,046699
11ee8981-46eb-4791-8e40-727c991341fe,015030
89338c4d-f2de-4991-87f2-dcea4535e2e2,117532
ecf0cdff-adb3-4427-99a8-158939fc1c94,117532
7bcdb408-a554-4368-b066-03184de92712,200348
2d1c802d-9491-42aa-819b-73a1e836bc65,200350
89b655f6-04df-41f6-bd66-e2a068dda5ff,200350
3e8710f8-d1e2-45ae-ac69-a97e0a35a655,200407
a328c578-bca5-4909-b4a3-aaae369f3945,200189
42186833-4581-4c7e-876f-6ffe37b1f94b,200722|141230
ec7a705e-2745-479f-9330-a6a4983afbcd,200723
ac2448b6-b7e9-47fe-9b32-0b96c7b14672,200266
623f44bf-07c7-4704-8114-5e42e1316fb1,141551
42df9b53-1f26-411c-90e0-7180d7081b83,200688
baf0da35-573e-4abb-bdef-18870d5f5f72,200225
0e3be1f5-9375-4837-b47d-5b3cf364f10f,200364
29aa7bdd-0785-4e30-bceb-addc1a3f442a,200694
e161433d-baa9-4e29-b2ee-232ea40d7756,038661
67eefc16-33e8-422a-a677-dbd0f09b69a4,200437
15c7f574-71ce-4719-9576-2c19742b9779,200436
ad81f5cd-f4c8-4310-b87e-7dacbcc181f6,200272
2846dab1-4dff-4d8d-ba6c-aa5e8bf394ec,200306
055947c6-31d1-42d8-8e5f-232b03869133,141143
5ff7f4c6-f998-4a69-abd2-6a462c7578e8,
e9ee0117-08b4-45d4-9f39-aaeb3594278e,
6be7b0f5-bb20-4357-bc2a-c44791d5d1cb,034025
ae3a3afa-debf-44d1-8378-d3227e3d0488,046109
0c16296c-6a73-4b91-8eea-3458da4dd8eb,097505
c402bfe3-9ceb-4a47-9bfe-55ffd84fc743,097505
676272e8-e602-4db1-9d80-0bbdf8e568f8,200308
32900cc3-d85e-470e-b215-62d63e6b77aa,200476
7904b6d4-9858-46cf-9b60-2864bb047500,
666bf3b5-c99f-4d56-9146-fafe4bc5134c,200703
d2c8788a-b54e-4082-82e3-a1bd7de1e201,200490
0e5b6f2c-e3c1-478c-babb-88852dd0792f,200681
1eb48fef-399d-4fab-99b5-adc30e515125,200777
9c7679bd-31d1-4a62-b7b5-d0c52be1fccd,141098
dd28195e-a481-4d7a-b578-488fe37ecc09,141098
5012fe70-6394-45f5-be75-04297e39574d,141176
606b1dd3-24ed-4f8c-8885-6b22fd7b8883,140441
258967db-9587-4c19-b846-ac143dada99a,141068
a1ada9f6-24e2-4287-8b83-00e2b68666e5,140913
12b5d3c7-d539-4bc2-aa47-4516c36967f3,140441
3b8c745e-e47f-4826-9240-918a551c7533,141060
5b4c3e64-5817-4989-a787-8a05f2ddedc0,039417
933980d5-8495-4ff3-b543-349b5994626f,141220
aa2d9a4d-a442-4d1c-a7bd-17b09d8ab718,141247
b9b31948-0fad-4666-bba3-d31e1c38779e,141099
dfb26527-c5ab-44d0-9236-24b1600e0db4,
13c9c37a-0c3d-450a-a61e-d2796818b18f,
dbeb646f-dc6c-40f2-803c-68858d6ac080,
d6851c71-0c2f-43f6-883c-a43fe894985d,
b0c8964f-24a8-4bab-ae8d-1536737e43ec,200237
86b367e3-64e5-4c44-9961-6caea5d12e75,141338
77a42e00-d311-4cae-9130-b75bb4b40864,140915
226e3192-984d-4ff0-9e65-c1e54a78e522,044759
c1aeba99-224d-4957-80ec-87212df5dfaf,141063
87f37539-b83b-42e9-989c-32e63ebecd29,141063
6fe2494d-c954-4971-94b9-fa577f5cebcf,141103
a07f33a7-1009-4e24-9339-ff12c229dbb6,140921
c7db5144-bd2d-4c30-9f28-703b1cc8e03e,141007|133953
9ccf3782-220d-4e8e-95d0-8e79a9a909ae,141007|133953
b61e0ee1-6c3a-4df6-86b7-6fa3153a7a2f,141008
7055fbaf-d3e0-46f7-8dc9-96f4df2da8df,141007
1bc21181-efd2-4238-9c9b-89f334c8dbe7,141064
f4267d77-6a81-491e-9ae5-8cbccc99339c,141361|141064
a5cd77e0-af84-4ef6-b0bf-b3dc706352c3,200386
dfac5f5a-9302-40d5-a0e9-6554abe0c7c8,096298
8e04879a-464f-4e6f-aaa0-4e33d95c0c5a,
bf2b6325-7ff2-468a-8f17-c77569b973e0,038878|130736
db5681b8-2c88-412f-a99a-2b7193a2404d,140927
edf29e02-f3db-4954-9a1a-9f153f9a073f,132427
212741ad-0a21-438f-a108-36afb1d507e0,200726
62d8df49-5c1a-4944-a924-89388d8e22f2,200751|141230
f456b173-3ddd-499b-9993-929ff5f7b875,200751|141230
1451663c-b85a-4b45-8b27-6d572d0032f9,139237
0706637a-1062-48ca-be00-4ef4b1dc37db,048761
72ed9cb2-8eb6-4aee-a500-43abbc301d44,048761
58fe68d5-866f-4f8b-aab7-57cd9c9c4ce5,048761
9b3b27c0-b584-438f-acee-44549f449c1b,048761
cc61d2db-1334-4855-9952-ddcabd1d6ac7,141137
1d3664b8-d13d-464a-b9dc-d493a24fbdc8,140872
6e136d64-2fc7-4921-bb9c-7575455b2389,091467
692398a6-ff70-44ca-a118-e527c6591b49,091467
631dd212-54eb-4e0b-adf7-57f18ad94d0d,091467
381bd914-c5fb-4cc5-bc3d-29711fc35cce,140442
ceeeee6b-011a-4d2f-a90a-d2958a9f12f9,141553
6657cc95-3107-4846-b0a6-587804cff7a0,039402
f8438558-d6d5-4bb9-9d19-8d35517ff0ea,039402
3faf5a84-f5e4-4272-bfad-102d7ac657a4,200719
7e860d24-a053-4ec0-96fd-d639496a7697,140806
f9dcb46c-8142-40b9-ad25-872b0b86b35b,039402
d8f0aec3-b23f-4210-bf06-98bb2359b1a2,039402
641f1874-ad52-40fd-9c63-2ca537a6e147,111607
1459ce98-fbf3-4514-a656-462442ffed4d,111798
de900888-a404-405c-8c55-8ffb5f832234,111798
a6ba873b-10c7-4b02-92e5-1065e321503b,108114
f0bde6e2-6de0-4f7a-be5d-a1d84a54b138,
332cac01-ebc7-4b77-b092-505351777e1e,
6416540b-dcdd-40f7-bff6-ed27b4bbad05,
5a397494-e980-4f45-80e6-ab99ffdaf48a,009476
6fc4e5dd-fcc5-4a29-b947-abcbcf4f06d8,200745
7a05d5b6-a040-47f5-ae21-5f7af9b68e24,200730
ec6dab2e-54e9-4fd1-a3e8-7743453a765b,200238
ad403eb7-0c03-4bda-9698-3757860043cf,141581
94812721-1153-49f7-b574-ef4c24ebc70d,111798
f47a0c54-050a-477e-9fea-e5afb77ad9fb,111798
386fc0aa-c4a7-4dff-86bf-d79facb6d6cc,118123
8dffafeb-5243-4771-9486-778e686feb30,118123
859d4e30-d70c-4baf-aa62-0d3feff25057,128620|104494
9d014ac2-5a56-40c8-b16e-f93fbb2953f7,128620
68790921-c3e3-4d99-b406-fe55b5549636,121473
74980ef3-3f58-4cba-bd82-cc343f18390d,121473
f050ba40-bb95-423c-a02b-b0f0c9a46830,120648
12819c34-674e-4f8b-905b-8fea373daff5,141559
831141f7-9458-4de5-9ddc-d183e220fbb7,013149
f542114b-d049-4921-96a4-4047ecc07e13,013149
199dac9d-39a9-459a-8076-8b27f73843ca,012350
5c136c27-8955-41e4-beef-d94fdafae418,012350
b297cc2e-8b96-41d1-a132-d68ccb1326b3,033165
ccf7a5cc-b50a-4dc4-8de8-13c9e36608cb,033165
3ef7cb4b-4462-431b-861b-c1b443fed580,048761
005a4179-b650-4c00-a59c-3ca2ab3c95f5,048761
10cdbd4b-29f8-4592-9871-ad5a15b8f008,048761
803e55e3-5bc0-4023-aaaa-6ccd6460217e,048761
38c5cefd-b3d2-41d4-a2fb-0d6c45d02529,141442
6d462721-ece7-4fef-aef1-e5bb95dd0243,108901
9de94d10-7fab-431c-8520-8f03ff042d50,200738
7f92609c-b1d5-4166-92a1-86163b5aa3db,200611
d37eb56e-55a7-427b-a08a-52a7583a8978,200736
29aa28ea-36ef-431c-af1d-4aeec4c0e82a,200328
0683a5ff-db4a-4612-9261-6101b6d67ccf,200739
4826927c-b0ea-4772-9d0d-8e8934a598e6,200316
c3564269-28e8-4852-9a7c-cc6937cce9ae,121042
6330b4e9-8778-42ac-bee6-e1771a8f4c91,200741
f09ef104-bf28-42a3-ac33-dc77d1c2b334,043290
f86501dd-61c8-451b-ad5e-562e349fbd37,048486
bc723e31-99f6-40cb-94ab-1b64d359fa0d,200374
42cc1948-dec5-4e3d-bf62-37bdf9186eb8,200744
9ac3b539-e770-471e-b4a1-3ed87b9b2030,200743
36feb63e-c146-45ea-b814-45022ae66d15,200746
e05ee31e-bc47-48d2-be81-588ce7ef8a1e,200612
4df78641-53de-438f-bb12-54aa0d4ed192,200747
adc0eb45-6378-4702-817a-764ddb5ae605,031715
24094a36-0c38-4af1-b9ab-b4b12f342e33,043785
71a27a8a-038b-4b6d-8237-d6b58ddf9dc8,015102
48dd3eaa-18e3-430d-ad40-a964b591fb16,141570
e10f7434-d00c-44de-af79-7b0886b2e948,141406
1eb7bc46-cac9-47d2-bbdc-6801690dfbc4,141554
78719718-4a45-4fa2-ae1a-b5270209968f,141571
d56c1e4e-97f5-4d41-b899-b2298f088d56,200450
0dab5a4f-5d4a-4154-9a91-6fef4800865d,200447
3830323e-24f4-412b-a259-e9f81f25e396,200326
667cd87c-f788-4b73-af32-2528cf7b0000,200318
61c7b4e0-aab6-4cf5-8471-f94be438c758,141562
f608217c-a778-426e-aaeb-0c34c70c98a3,200750
50cf9edb-f318-41d2-9b98-6ea3410e8128,098379
0cb546ce-5db1-47a7-85b0-b6800ecb3315,012491
2134d14f-3d1a-4564-9944-a47d594f031d,012491
0c3d01b7-be57-4031-adbe-5dbdd2a6d7f2,013076
510b4ec0-6762-4b29-9786-e5afa7350fa3,012965
895f434f-cd9c-4a39-823a-374c1b61826a,012965
d7c207d8-2b2d-4d6f-8c8b-94c31f53581a,
a39a0298-6453-4c21-a3b0-01c1a52a109b,141555
275a2c51-9679-4f42-b8cc-21b04369a056,141345
9c6e6a62-2a0f-4db8-a999-c9b8a3a98a74,200752
47429f8e-8dfa-4e00-b5ab-fc7c0e31c9eb,200753
20a0068d-0e86-4906-8253-f5acf284c23a,200304
3ec5ca1f-bded-459e-a813-24d931d50b9a,141568
74450a05-cd1f-44cd-8d65-8d9b370ac44f,141578
dba071d8-aea4-4355-8802-56d631ed83a6,200757
fc79a63f-e3a3-4781-9c8f-7a128310fa6c,141572
1c483aea-be01-4db5-9fac-c1d224a335e1,200332
e9ebdf50-d327-40ad-8000-abae9d5308e1,200760
09ca9a4f-7f9d-4682-ac12-00155d4ae5b9,200762
396ab09a-45d7-4fca-bd86-d6c23d6bc14b,200782
86848662-256e-4337-ba8a-692cf86aa439,200764
f6c09b8c-db64-4a4f-ac62-842b11d94a78,200765
2daeaf25-f98f-49d3-943c-f604a844d93c,141285
f1456f2e-0aae-4f11-b3d7-da81b8eb33cb,200766
2c1155f4-dd52-4627-acff-ab195deca9d9,200768
18060147-1b73-4fea-9310-036699e1f79e,
94cf5818-f27d-4374-87ad-54a2d9ce6ef1,110048
76fd165d-4f0b-4203-b8a0-e329987c62a7,200769
634a706f-4a00-4a04-86ae-a4d8c22b8271,113645
cbc95ffc-0c9d-489c-b95a-959206c0f1a3,141575
5441e5b2-cdc0-477a-bd9a-ec5f8d912281,141273
b461035d-9c3c-42e2-ae1a-3ad611fd5e8d,141556
a2224602-6f04-4b83-968a-8c193230998f,135940
39c00714-331d-49b1-a675-653b82b10c98,120161|135940
11813d97-fbc2-4c9e-a349-4d81ae769078,200749
e6c1f710-04b5-4515-8971-b60211182041,200772
8f5ffca5-e26c-4b29-9ce6-53ac44b4e2dc,141579|141437
f05b503c-135a-4884-9c89-53f14946f3e0,135780
ad274882-3c54-489f-bf78-c200b8ab348d,200438
ffa8dfa6-7128-42ec-b35a-e774b58ec148,141550
3357af32-f91b-4663-8f86-a2bcee7855ea,141288|140890
4e5af451-5e13-4bbd-99ad-24885f9eedfc,200728
9c351c60-02a0-4922-80ca-63b7ab2b857e,
b2c16014-6212-41e0-9461-70b597de0a13,118980
4c730e63-bd3f-4fd6-a74b-d4c97f7564bd,200630
d6e426fb-2639-44b2-a2cd-6a7fc848f215,200780
5a015a95-7617-4961-b401-283698a0ee70,
3d5cc810-e8c8-4b55-a7fd-0a9999cb6c37,141577
152cde64-ff22-4a3e-bb78-65e159dbe6b6,140854
4b4e54b5-e08b-4896-946a-be0e61177cd6,200781
595a4883-6b37-4190-9579-a2c7ca4738eb,140971
f8921713-cf98-46ea-ac69-0b152938a422,100094
a2843a87-265e-4d47-a89b-bee88107b0a6,200787
38872971-1154-45e1-a5e9-ff0b68bba60a,200784
08f1aecd-33c2-457b-8a45-c38fafb3a1c7,140929
7e9f01a8-fa9f-4773-8d8c-611db3606d62,141025
8eefc52a-6f0f-486f-8a27-94e457a42a06,200788
2231391d-c118-42ee-9aa9-5dc6883bff9a,200771
006035a8-b8da-47cb-924b-524c05da8641,141272
16b75f05-7d38-46c1-becf-447f0eca7f2f,141272
7dd5d1f2-ea05-4885-be93-c0d12c5eeca7,141272
d93a9b64-3404-4ef8-b953-5c2600644052,141272
44ee7ba6-f864-4b0e-ae0b-7d1c681588c9,141070
c7bfe38c-9249-466d-8718-8b8e82b99a8d,141071
bed54123-2083-465f-97f3-0a796f2a37c7,141120
2d9a5b98-f039-4b45-8824-afd881c68998,141123
4acea077-3f1a-4507-ab8c-2f65d9035c97,141254
3fc1a42b-6576-4890-aa0c-5c0eb903c85a,141251
466063b5-56f1-4f49-8edb-b0b390851335,140951
d1cbdde4-51c0-41e4-a171-f6c1391d7d8b,200783
7cf8669c-c000-4645-962e-891946c0e54b,141079
84e25a59-1db6-42bf-b27e-a25c4883a141,141080
590ff4a7-fab9-40a1-8075-7495b4c68a87,141034
4a4cabca-caa0-4df3-bc46-963f0804b54a,141305|141081
95d81bde-9044-4192-8820-9f6d88614128,141082
88a65861-b189-4d3c-9752-bdb6ce0dc916,140883
e3c095a2-6bbe-4b47-96e2-c2ac73b53eaf,140883
fe08dc5c-e1d3-44ca-837b-4ede07402771,140883
adf9a1c8-31bd-4301-ac25-814d13f34cae,141585
197a022a-bb94-4058-a4b7-96323e4b311e,141333
2e79052a-ae20-4e5b-9f29-438f751cbe4d,141084
691e6c6a-0ac6-4cc2-bd87-954bf6716735,140973
0307271c-0ec9-4590-85b7-7f6b48ef4c93,200489
a7d0b19d-e783-4e89-b451-0b58793615e1,200387
ef38da06-9556-4841-8a72-e57c1f8a3e28,200581
365b701f-e9a8-458f-90ff-33ca1fb947ca,141528
427f2ebc-ce24-452b-bbb3-43d4ef8b63b0,141494
3e3b495a-d45f-4499-97e8-3ea244e0f490,140893
6aeda328-97c9-4868-8ecb-b3a4dcdbc0a0,141263
3bc065ce-09d6-4131-a5a0-dca3909e0bc8,141262
61a071bb-34e7-49fd-9609-99e0cc105642,097222
4e7a6cfb-327b-4500-9fc8-e78de009587b,200803
652c0f4f-5045-470d-9e56-5b2a79328d4b,200793
fa320de6-6715-4ee7-af02-c489d417079f,095735
6ce16a8d-c57e-457c-83e8-f9e19119c5f9,095735
3e6db03e-55d5-4802-b0d2-3bc566e976b2,095735
fd10ed7f-122b-4d01-827a-1f5bcf0d7c68,200636
3e41ce52-9cc8-48a2-a1a5-2287934c10b3,141450|101479
26d5eb1e-e9f3-4c3f-abb2-fe432cf09353,137409
2e531abd-b3ec-4819-81a3-f51e6867658c,101479
653fa86f-42d3-4817-aae3-b0fb4710f8e5,101479
3ef51363-2236-40aa-bf32-601c9f1c722a,106111
53b44eed-318e-401f-89d0-d0dbe064cecd,200626
f88f0d2b-1b04-48bf-9826-ff0e33605237,096298
516fbca3-a6aa-4e84-a583-da57ed492e06,134708
d2d6dcd1-7835-4c7b-bbae-d14752d9983b,100237
bbbcff04-e023-43c0-aeb5-a8f747d79fd4,100237
482cf623-51a4-4a95-97af-64a2e86f85ef,141609
9430b363-9980-4616-98b9-f70b2d4e2ca8,141177
3e47c561-8c1d-4639-95d4-6ed14ca2c118,141600
875c461a-e0db-4478-9006-7bd1d006ed3a,141268
2a7c0915-4d82-450e-9477-bcac6aebd1e1,120615
c7beb049-a233-4619-b5c2-61037b56f0b9,120615
8e3e54e8-46e7-4fc7-be01-239dc94dc839,140856
a6aeb99a-ce49-4125-90ce-642df3f1ebad,
33ffc2c7-3ae1-4cac-b21a-b7d08fe6165d,200498
8b7f3f89-c745-4156-b27d-5dbe8d41fde3,200595
84c70074-8c1c-4239-9f5f-0087130638f8,200520
22a5e838-c9a3-40d2-84cd-15df6ada913b,141291
b4181fa7-e45f-4beb-a3f5-49c987d584ac,141459|141426
fed84d87-049a-4e22-8091-451cde091815,141459
d9d5ebde-7ff7-4864-b393-fbe77d7a112f,141518
8fced6df-02cf-46b5-b794-c1512913e6d4,141532|141426
82f1fc7c-41f1-4a1d-8117-6d8eb9d0b54f,141599|141426
1fcbf232-cfd4-481e-ba9b-6251b7b468d7,141426
dfe55ac8-45d4-44c6-b6fa-32f55068d6d8,141607
54518863-9821-4df0-8e3e-b89bdc434d5f,141617
8dbc0e47-8df9-4484-903b-70fdd26f7998,141297
027d50b8-3c40-4a80-bb8b-c1b46fd0bb2a,200759|034621
ae09ae83-0812-4ddc-92e3-730f7a1ae449,141295
911312e2-3a7c-4c97-88a8-b8d92cd12923,
51bc1164-d486-4d8f-83c5-324b4970aa8b,200443
e3038f84-55e5-4633-aa7c-5b750c3a716c,200819
d27da7db-5c2c-4b9f-bf14-a4d18d3e6d4e,200821
e9c22b8d-81a4-4c4d-bb39-8f37256c5b7b,129034
88f58baf-4ec5-4d6f-a447-68af4b239318,131538
23207958-49a9-4172-b2ac-909e47c9dddf,200144
c1857237-3067-46f7-ab2a-710775a1a86d,200247
ebccbb8c-2d84-4777-a73f-1e87527ee2e7,141214
10dc37d6-502a-49b1-b389-fefde369e702,134314
22f27ed4-e879-4ed6-8ff0-6369d62ff0ff,200785
dbe41248-7740-47f2-aa91-65310bfa3e66,200710
d249434b-f8b1-4b56-bc5a-66643ee37a63,129831
a58096cd-8ad5-4abf-95c8-893c3aa5b464,140819
60203a82-07fb-4701-b7a7-c8c53e0dc8c8,141614
85d8da6c-744d-4b59-89b8-6908c6f2bb02,141576
c790f283-9798-40ee-bf5f-dadd1968c336,200823
ac797b29-5673-4c87-81cf-1c3655ebdb51,200832
ab95013e-ef3a-4290-b673-4107d1a4370e,200829
2a120c74-bc49-4249-9d06-8dd1ee37b3e3,200395
a9be1c83-e2c4-4b5f-a249-cb7c4e912c4a,200394
70e3e339-ba69-4439-9c93-c8193fd507c9,141615
bf9d4190-5d40-4f04-9fb9-40ff4a4f3888,141615
af5e5918-3309-44b4-984d-e9a2453587c0,200831
e4859e6e-5ebc-469a-8f53-89035ae7f913,200828|141265
751e4b05-7d0e-4e7b-81d0-770a1edc2f76,034267
0fc8c945-acf9-4efb-a204-a76dd9672fbe,200830
89fa35f1-61a2-425a-bf5f-c4e78ebfac20,200322
56af4da6-217e-4edc-8c68-60ccbbaf8221,130435
3644ca73-1257-4355-817b-37fced33eef4,200128
4926fcfa-20a0-46d8-aca2-53ae88332a31,141596
b50502d4-e4b1-4fd2-818f-9aa86bad71a4,200804
3faaeab4-32c9-46b2-a2be-ddd5d2d7942a,096298
c65c57fa-d397-4ef9-84e6-03e51ebe17de,096298
f8b0e260-89ef-4cb8-acae-2410c66a1afd,
e011b7ce-e1de-47c1-b2d7-c25403281e2b,200842
e976f0ea-0aa1-4b55-b4df-aa514f55e9bc,200786
8c1f6a04-5753-4723-a3ac-c61f6a478ae3,200497
70f3d14e-85d8-481c-84e6-1f0e4baecec0,200491
e6a55d85-af72-482a-8e10-d14894e3ac9e,141613
1a84044d-5ad4-4eb3-ab50-d79263809a4c,200368
40b9d864-3ad3-4d43-9868-c380f5977d9f,200429
c3a6a8a9-f62a-4c88-821f-952b812531d0,200341
e622cfd8-2749-4a6f-b347-988806432c88,141299|141265
2d70b747-314c-4baa-95c4-1734855a1556,141292
e55d075e-2fe2-4405-b57a-59b85067e0c0,141314
beef9f59-3b28-4539-93b0-dbd9d7d304e8,200484
dac46d7b-d852-42ca-822b-32ba0faf5038,200484
bb913f0b-79c4-43d1-94d0-291b15d50321,200473
7439a491-d9e1-4622-8e2f-705885deb7a5,200433
3f891a61-ce58-4cc1-97e2-a161907ea8eb,141458|141253
ded00eb4-5edb-46d6-9f86-460d9de01d0b,200418
879f0b28-00c0-40e8-b224-afcf39b1fce7,200555
0a1c7c50-04a4-4c5a-a95a-18a4d39d1808,141321
9b6e29b3-7286-4408-9a44-7d8589d1d958,141325
c2346ac2-270f-457b-be1b-152de1dcfdda,141330
f64232d7-e904-45d5-924d-07850f9c3e3d,141266
089bde88-521a-401e-8f03-1320e7e6ae03,141324
ea1b0dc1-bd3d-4762-9f27-4300e4606d3d,141324
0b2249cb-ecf4-4be9-a6b2-0fe6ca2a7a36,141324
6096f709-fa5a-45e1-9767-2f159f882520,141517|141324
54cec27b-4119-4ea1-b4fd-59cb5e002b64,141517|141324
98861d71-98c2-4f47-be86-825a46fb7634,141517|141324
c26843de-74ba-4a51-a18c-2d3bc0bcb07a,141517|141324
455e5d97-f639-472b-b93b-88b9174a0310,141331
c856bd55-363f-49dd-9537-12cd9de89189,200543
922d3235-085e-454f-9535-44ef4bca12f4,141320
f4f307a0-88b5-4740-b198-35edef954bf1,141443
4262802d-a171-4439-baa1-dd88e5dded7b,141322
2af7f7e6-1cf8-4127-9493-30f25aa020e3,200496
65dfe2b4-982d-4ffe-acad-165a50de6d0b,200482
040cd8ea-5c01-4eda-b36a-5427e5a7bdef,141327
84506621-8429-4b65-a7b4-1c9375dcbd89,141326
31f0a4ec-2a29-4de5-971b-633e109b276d,141275
5d1e9d53-5b39-4f17-a9a6-c9fa5bbd23fe,200657
d8ab8c22-4667-4577-a0b7-166c86477a4e,141298
d1e6d934-17fc-4c05-8bd5-7a7f7ccd4908,200846
94e39b37-5a8d-400b-bf86-d11301f0e9df,200508
a7335bfe-db82-4ff5-8072-1844110f752d,200455
4ad34f81-65e1-4858-8928-50af8bcb3db9,141328
e1fe9ecd-088b-4ed0-af3a-14c06bb4b38c,141339
bcb5b01b-b5bb-46a9-b844-2a9799013325,
647f026c-bd3c-4596-8f85-865c54c295c1,141340
190e55f2-7390-4b9c-a26c-56cf26ea13a7,
f412f5c3-5ba8-43c2-8920-510f34e67f53,141342
da771fe5-e7dc-4eec-8827-778879811e49,200494
bc23bafe-9f6e-4253-84d1-3ff69b0a1f05,141344
bc52d6c2-34d7-428e-8853-a4bcbe5b6310,141334
47f70173-a1d9-4156-9a7f-0f296e5dd64b,141329
99642708-0a9f-4ff0-bc08-f2b18691927e,141218
3bb654ae-558d-42d9-9a0d-640a86ab3046,200550
28e3ce6c-fb4a-45a9-bd1d-74b1c61005b7,034393
461175db-6d23-4552-abbc-45373c0b7d48,141431
88a149f0-8a44-48d1-a5df-35b1fd1559a1,141431
d3489ebc-9900-4377-9a8b-98ae7c38ebd2,141277
5f82633e-bdf5-46cd-93fa-13861d303e51,200481
a2e8b680-d37c-43f9-a8f1-87a4f5524d78,200557
486263b6-d642-415e-90fe-372faf87d297,141438
967d4ab9-dde4-4c61-b459-809132ac7c50,200582
ece3cea4-7011-4c0e-9d4a-4e8c14486da7,200591
3395bb4d-e032-4c16-81cf-d8f364033bb8,141434
f789f1d1-9c9f-464b-8df5-4c24f486966a,141435
9bd1d059-68a6-459f-9f79-2fcd97c952d6,141440
044385d5-c9eb-4a44-9ffd-2b68092262fe,141543|141244
c3854cc3-7a81-4634-890d-0840385d4b87,141349
258f413b-95e0-4082-a150-85af60b2af80,141244
165bff99-d977-4ea4-b7e2-31ac694ad05e,200523
8c6ceef9-eee3-4a8f-9126-6dc8d96d1f1c,141437
6656444b-c4d8-48de-9548-fa61f2039d78,200573
3eb6b1d3-4485-4b25-aaab-92de9b2fb322,141418
88b14634-f62a-4073-93b3-002f886c3aaa,141454
2c9b766a-c36b-44aa-bbd8-24fab24ca97c,141444
0f83bcf4-7e89-479f-a980-4cb40456ee78,141521
91fc9ba1-35e6-4e37-8c37-c5e40699bd5b,141452
4c9900f8-c878-4729-967c-7ca4e4750203,141261
533980f2-a414-4ca1-9012-567f55f9abb3,141261
979ab26c-c76a-4741-ac2b-03591255ae4e,200432
3496dc07-5a99-44ee-b129-a8eb27175e86,141427
cc36144d-c62f-432d-bdac-10c0366a0866,141453
09658aaf-dd0f-462c-8a76-538be39b4689,122272
81af05f2-3c00-490d-aef1-3ae287251923,096298
c43ead13-0965-499d-8a94-1fb566325fc3,096298
dd4b2577-e679-4949-92ce-d40082abb0e3,096298
d5fd7fd6-b5d8-4ada-adfd-6858343f7e30,
1e674ca6-0134-4740-9f9d-6b87a77e6e0b,138938
9aaa1a5f-2234-4de8-8d9a-43a5ce5bfaca,138938
eb83ae41-c32b-47dd-8459-506b33ccb6ba,200026
412cb3e9-53dc-4068-a1ab-00b771112f88,140269
fa5d5382-280d-48f2-8105-304bb6a0f284,138952
b6fed070-b398-4348-9927-9891f78c7c31,140338
567de37c-c9da-46e7-8347-01a832ee21b2,141186
888b1dde-fc9b-4022-b24b-7162da32e4e2,141188
c030ec95-1397-4e24-a8a4-ad325af0bfdc,141439
a38cc5c6-93e8-4c90-aabc-33bc8423beab,141455
48b0f54c-57ee-445b-9f53-817cfaba38ad,141221
0a403b74-72be-4f90-a069-d747caea1247,141457
549bb884-0aca-411f-af8a-04b2f4845cbc,111607
22478d32-01c1-4d90-b220-e5fe13d3188e,141215
f92c6521-4912-4796-bed5-7a1694984e04,200536
5a53a2e2-90ae-42ee-93f0-a53d065a5ea2,200467
0fa8644b-ebf8-4fb4-9040-f47ad5b13ca8,141461
1e315472-9dab-4770-9142-775c6a980e1f,141222
e3bf8a88-4330-440b-b6a5-9b3762771986,141474
11390c49-29fc-4c83-af66-123cbf22d759,200610
8339b394-4339-422a-b1c9-23bc6b41ba69,200618
ba40ef7d-566c-4589-9ceb-8d1bd9bbf5ef,200061
36bbe8d4-854b-4a7b-a259-589a0ec4611e,200029
1e025933-a354-4cda-84a1-0a0fa81c228a,141227
8426070c-2c86-4bfb-90b6-02b5aa4e0b3f,200620
e3c9b97e-a025-47e8-83e7-b7e66522c800,
1a3188f0-8eb8-42db-b8fb-1b1eb659065d,200621
60ed5a69-e07d-404f-9f96-3ff732815711,
858926e9-457e-47c2-b7c4-2d1c6bb13ea8,141228
73ab8cac-5735-4e80-8fef-01c424939ab4,141230
e6d96ec6-04a4-4986-ac9d-82aa79b28bd4,141230
c935006b-bd95-4692-8cfd-722b3b072271,141232
12264d46-0eb5-4a2d-a972-4230ed4fd771,200050
05196313-2371-45ad-a6fb-6269f8ef94c5,141151
cbcc7b04-f3ab-4f3e-a38f-dcdc313e1b8a,141502
8032a1ae-d192-4514-80f1-9a3b50dc2155,141152
e8b1e43c-5227-4a20-a052-c68418b42261,200069
666f7764-39ac-459b-a5cd-4aeb1a757946,141235
9922e056-dcb0-46fd-bb56-9863bb0a189e,141209
4472644f-edc1-4a4f-8506-888bd8ad895a,141236
35017960-b3c3-4e05-803c-e4a8b7009d83,141238
eea5a063-8583-4f9b-8377-aa4c7e9fd302,141239
25ddc8fa-3f23-4786-af2f-db8135d73b09,141240
eced868b-c101-425a-8c5c-1a23ea43152f,141203
e3a12f6e-a2e5-4ae9-9c19-e5def8d44bec,200563
30d68d51-58a9-4754-a211-6991cda91263,039729
759ea434-ac1e-4a7b-98d0-5fbd78193ddc,011116
780d4fd2-cf14-412e-af80-4c3e78b03732,200030
cf7dffb5-d13f-4410-b94d-97eff6e492b2,200038
5ff9fdb7-554f-4f91-8cfc-6d05094384c6,141481
f436a826-9f5b-4269-b4ec-97d5522eaca6,141501
60cc30c1-ac02-46e1-8c04-5e8f15a18cee,200130
816dc04f-6106-47c8-a7d5-34e2d542b212,200129
e72acc18-dd73-4c76-92af-635d754cf209,200372
17ee6e77-7996-4c60-8739-22a4b0d2e103,200624
0b4cad4e-df2a-4192-aee1-5d75c756632a,200134
2f9b9422-46ad-42ac-adce-aa371db710e0,200165
9ad8eb8a-7c65-4746-9c03-1d6136b5892c,034621
c3ff7e14-8232-40df-a5c8-60f98f5c1025,034478
9bc44a48-ff45-468a-a60d-c490a667d91d,200541
c6b36cad-cd9b-4b35-864a-d85990276c27,035805
c885b1d9-db06-47fb-bdb0-4015e06ce08b,200071
03902b8d-4f0a-450c-9862-99576dd4ff67,141246
035591d2-ed6d-43ef-b0c2-10526d88b8e9,200073
d22c22fc-d530-423c-8d78-ca95fe195ba1,141207
7cc75f51-0245-4895-999b-e618b0fcd844,141210
631a7444-8652-4bbd-907e-87f6b32cbac7,141508
b0c09fde-ee94-4ab4-9bd8-854eb96ec598,141508
ea41ec41-0514-4a24-bec7-d1bb06f5d4ea,141163
e9a5e004-10d6-4468-bde2-be7486ad1c0a,
df49e55f-c531-4ac8-8dc2-58dbb3291cdf,041061
ca78caf5-2b47-46c1-abec-0f925b39f455,141219
c27c35d7-07e1-47d4-97cd-ed1fb17750ce,141213
ed2227e6-8c69-4057-a8b2-94f74cb11264,141213
2b7390eb-8344-4f7c-aa8f-2081539ae55b,200033
77f50892-5b14-4a0d-bb95-4d800e7bcfa9,200033
57b9cf1d-2b3f-4899-ae27-5c526527bc8a,140863
ef0786ec-7a7e-4033-a031-fc8a75e94cff,140863
bd4fe190-eec0-4e6e-a267-babf1934f845,200185
76f4edc6-a841-4f93-abf1-db72251d1282,141175
ca2fb6ba-f65c-44f2-ac7a-33c06a872477,135771
d9d14df1-ec72-46f1-ad3b-f90547088ff5,131310
d6be661d-58e3-4a9b-afb3-3819ba7544e9,200627
274ea16e-3f79-4a9f-878c-08fbbbab76de,032704
e1af9ef3-c30d-4c9b-930e-49213621ec73,038281
b1ac0728-ab91-4eb6-9e19-3f84a7f58d7d,032704
d68222f7-b796-7b27-e053-2995a90a2efe,
3590d417-272b-ae4d-e063-6394a90a5dc6,
d659f747-9790-8bd6-e053-2995a90ae793,
29e55c30-9458-49e0-b37d-ea40f3020cfe,200629
4a2567ca-26b9-4078-b3e3-4695f50899b4,
5626b9a9-df77-48c0-83fc-710a41f64b44,200616
42dc3173-26a4-4bfe-aec2-2111321185c1,200429
286ab101-b133-427b-902f-1a56bea44a23,200637|141203
64b63fb0-dc96-4b6e-9b7b-a6ad8a6fae54,200598
9f1b7ce6-0733-47fa-8a14-a29a4d026992,012204
9a1de5c6-4fe3-4e08-b055-d6ecac94b4d4,011403
5de35de9-7db4-49da-be31-6788fe8558e4,015433
93180485-e5be-4ee3-8f61-3a250761a542,200639
b7f7f07a-58e4-4d0e-bbe4-48ecedf5d4a8,200635
f03bea2c-43c3-4963-a9bc-c8a09b708d76,040209
6700ae6b-ab71-422b-ada6-e5da0be22f2a,200663
5d21b656-c84b-4779-8e6e-e59138bbaee2,200615
e7b8b1c4-b1d2-48f8-9a85-9a9a17ccba69,200638
dfd55764-a280-45a0-a430-405ee7d7df40,042633
8fbd0773-6645-4235-9ef2-56edf9c7fb83,
4ae0564a-6c03-4848-88d0-621943d94ea1,045512
2f144e29-0de8-4a1e-b8b5-4ae2b3cb290b,200614
126e15d3-d422-47e5-8a12-ed69e426b544,200733
c01906fa-2c73-4c13-9765-2fd06628d263,
c1c092ca-f463-4076-b351-7aa0a02512d0,200670
012d46f1-d0a0-4676-a879-cd320297ab16,
b5640fc6-76d8-428d-80e6-760d769af8bb,
ba7b9199-4710-4189-a85d-77ed75befe4d,
049b289b-3813-4d06-90d7-0d31c0b34977,055098
bb1ce9d8-bd98-43e9-a773-2ba991f07e59,
38632b3f-293e-42c9-be78-81909570f21a,047956
b9f716a4-a0b3-4fd1-b5f7-b3556bdd4c89,200673
541997a0-b77c-4345-859a-59d766599580,039417
6870b889-7328-4b7c-bb03-3778e4447225,141060
7d7d10c9-2a23-41f2-947e-f8371171e25b,200674
8c74a8ed-40d0-4ccf-890a-a917f36e0b34,200679
66d9f7c6-7ad4-4738-8189-6361b2348b10,200682
3f843d3a-7250-4d3b-bd15-e8e32c9ddaae,200399
9c51ecb5-1afe-43dd-9ba6-197a9b0f98e3,035688
3943cf4e-5b0e-461e-931e-f855a43f96d5,035805
826300ef-ec81-41c8-8184-ad74fe2ab11d,200327
78c3cf22-9151-4f39-a857-d103eca12c93,055099
d342d015-0775-4f4a-98fe-e792b9895596,055101
ac236e67-f9b0-462d-886a-b7dac45dab89,141538
3c088145-0f3e-4fb6-9b46-d53344de1b82,200687
56739049-f201-4a33-abcf-6d9fe2e02271,055054
0116d56d-53f8-429e-b0fc-5319af7fe903,065010
2897e83b-6282-4e0c-bd8e-f389871259b2,055059
2dcbe68c-7297-4a78-948b-5e7c6b72cafc,138255
0fc4b59b-30b4-480f-bad9-460e30209a35,055069
be4beb9c-f39b-4b23-9c35-f72a049a3250,141536
8f80a779-0914-4fc5-8768-4393af34353a,200692
61be8261-ac3d-418a-a414-62c64d9eacc0,055030
b47d3012-7b53-4ce8-aa05-1cb8bb583b8f,141542
93a1c84d-536e-45cc-9324-c0367746af3f,
f200780c-8532-43e3-bc97-c901ebddb1da,
ad3f6af5-2830-4202-abe4-9ef9018eafa7,200251
00cfb834-affb-4550-8648-69dbbef11b63,200699
c1b363d1-1926-4356-8e03-7ec2cb967e5b,200625
d35855b4-e144-4117-9961-bc9bcff7d5e1,200253
ca119a89-2394-4d34-8078-cd1fa4e8e2f1,
f4a55d55-97e4-4468-a9f7-8ffe5ae22514,200700
f6c26118-53fd-44da-ada1-b37238cf1922,200701
5b36e345-fae9-40ea-a069-6fefba92a89f,141545
